{
  "openapi": "3.1.0",
  "info": {
    "title": "SynthCityWeb API",
    "description": "API for the SynthCityWeb backend server",
    "version": "draft-1"
  },
  "paths": {
    "/download/{fileId}": {
      "get": {
        "tags": ["download"],
        "summary": "Download File",
        "description": "download file",
        "operationId": "download_file_download__fileId__get",
        "parameters": [
          {
            "name": "fileId",
            "in": "path",
            "required": true,
            "schema": { "type": "integer", "title": "Fileid" }
          }
        ],
        "responses": {
          "200": {
            "description": "Successful Response",
            "content": {
              "application/zip": {
                "schema": { "type": "string", "format": "binary" }
              },
              "application/xml": {
                "schema": { "type": "string", "format": "binary" }
              },
              "application/octet-stream": {
                "schema": { "type": "string", "format": "binary" }
              }
            }
          },
          "400": {
            "content": {
              "application/json": {
                "schema": { "$ref": "#/components/schemas/ErrorResponse" }
              }
            },
            "description": "Bad Request"
          },
          "500": {
            "content": {
              "application/json": {
                "schema": { "$ref": "#/components/schemas/ErrorResponse" }
              }
            },
            "description": "Internal Server Error"
          },
          "422": {
            "description": "Validation Error",
            "content": {
              "application/json": {
                "schema": { "$ref": "#/components/schemas/HTTPValidationError" }
              }
            }
          }
        }
      }
    },
    "/download/{fileId}/{subFile}": {
      "get": {
        "tags": ["download"],
        "summary": "Download Sub File",
        "description": "download subFile",
        "operationId": "download_sub_file_download__fileId___subFile__get",
        "parameters": [
          {
            "name": "fileId",
            "in": "path",
            "required": true,
            "schema": { "type": "integer", "title": "Fileid" }
          },
          {
            "name": "subFile",
            "in": "path",
            "required": true,
            "schema": { "$ref": "#/components/schemas/SubFile" }
          }
        ],
        "responses": {
          "200": {
            "description": "Successful Response",
            "content": {
              "application/json": {
                "schema": {
                  "type": "string",
                  "title": "Response Download Sub File Download  Fileid   Subfile  Get"
                }
              }
            }
          },
          "400": {
            "content": {
              "application/json": {
                "schema": {
                  "$ref": "#/components/schemas/DownloadFileIdSubFileGetResponse"
                }
              }
            },
            "description": "Bad Request"
          },
          "500": {
            "content": {
              "application/json": {
                "schema": {
                  "$ref": "#/components/schemas/DownloadFileIdSubFileGetResponse1"
                }
              }
            },
            "description": "Internal Server Error"
          },
          "422": {
            "description": "Validation Error",
            "content": {
              "application/json": {
                "schema": { "$ref": "#/components/schemas/HTTPValidationError" }
              }
            }
          }
        }
      }
    },
    "/file/{fileId}": {
      "get": {
        "tags": ["file"],
        "summary": "Retrieve File",
        "description": "retrieve file",
        "operationId": "retrieve_file_file__fileId__get",
        "parameters": [
          {
            "name": "fileId",
            "in": "path",
            "required": true,
            "schema": { "type": "integer", "title": "Fileid" }
          },
          {
            "name": "page",
            "in": "query",
            "required": false,
            "schema": {
              "type": "integer",
              "description": "Page number",
              "default": 1,
              "title": "Page"
            },
            "description": "Page number"
          },
          {
            "name": "pageSize",
            "in": "query",
            "required": false,
            "schema": {
              "type": "integer",
              "description": "Number of items per page",
              "default": 50,
              "title": "Pagesize"
            },
            "description": "Number of items per page"
          },
          {
            "name": "query",
            "in": "query",
            "required": false,
            "schema": {
              "type": "string",
              "description": "Search query for the street name",
              "default": "",
              "title": "Query"
            },
            "description": "Search query for the street name"
          }
        ],
        "responses": {
          "200": {
            "description": "Successful Response",
            "content": {
              "application/json": {
                "schema": { "$ref": "#/components/schemas/FullFileInfo" }
              }
            }
          },
          "400": {
            "content": {
              "application/json": {
                "schema": { "$ref": "#/components/schemas/ErrorResponse" }
              }
            },
            "description": "Bad Request"
          },
          "500": {
            "content": {
              "application/json": {
                "schema": { "$ref": "#/components/schemas/ErrorResponse" }
              }
            },
            "description": "Internal Server Error"
          },
          "422": {
            "description": "Validation Error",
            "content": {
              "application/json": {
                "schema": { "$ref": "#/components/schemas/HTTPValidationError" }
              }
            }
          }
        }
      },
      "delete": {
        "tags": ["file"],
        "summary": "Delete File",
        "description": "delete File",
        "operationId": "delete_file_file__fileId__delete",
        "parameters": [
          {
            "name": "fileId",
            "in": "path",
            "required": true,
            "schema": { "type": "integer", "title": "Fileid" }
          }
        ],
        "responses": {
          "200": {
            "description": "Successful Response",
            "content": { "application/json": { "schema": {} } }
          },
          "400": {
            "content": {
              "application/json": {
                "schema": { "$ref": "#/components/schemas/ErrorResponse" }
              }
            },
            "description": "Bad Request"
          },
          "500": {
            "content": {
              "application/json": {
                "schema": { "$ref": "#/components/schemas/ErrorResponse" }
              }
            },
            "description": "Internal Server Error"
          },
          "422": {
            "description": "Validation Error",
            "content": {
              "application/json": {
                "schema": { "$ref": "#/components/schemas/HTTPValidationError" }
              }
            }
          }
        }
      },
      "put": {
        "tags": ["file"],
        "summary": "Update File",
        "operationId": "update_file_file__fileId__put",
        "parameters": [
          {
            "name": "fileId",
            "in": "path",
            "required": true,
            "schema": { "type": "integer", "title": "Fileid" }
          }
        ],
        "requestBody": {
          "required": true,
          "content": {
            "application/json": {
              "schema": { "$ref": "#/components/schemas/ModifyGtfsRequestBody" }
            }
          }
        },
        "responses": {
          "200": {
            "description": "Successful Response",
            "content": {
              "application/json": {
                "schema": {
                  "anyOf": [
                    { "$ref": "#/components/schemas/FileInfo" },
                    { "$ref": "#/components/schemas/FullFileInfo" }
                  ],
                  "title": "Response Update File File  Fileid  Put"
                }
              }
            }
          },
          "400": {
            "content": {
              "application/json": {
                "schema": { "$ref": "#/components/schemas/ErrorResponse" }
              }
            },
            "description": "Bad Request"
          },
          "500": {
            "content": {
              "application/json": {
                "schema": { "$ref": "#/components/schemas/ErrorResponse" }
              }
            },
            "description": "Internal Server Error"
          },
          "422": {
            "description": "Validation Error",
            "content": {
              "application/json": {
                "schema": { "$ref": "#/components/schemas/HTTPValidationError" }
              }
            }
          }
        }
      }
    },
    "/file/{fileId}/{subFile}": {
      "get": {
        "tags": ["file"],
        "summary": "Retrieve Sub File",
        "description": "retrieve subFile",
        "operationId": "retrieve_sub_file_file__fileId___subFile__get",
        "parameters": [
          {
            "name": "fileId",
            "in": "path",
            "required": true,
            "schema": { "type": "integer", "title": "Fileid" }
          },
          {
            "name": "subFile",
            "in": "path",
            "required": true,
            "schema": { "$ref": "#/components/schemas/SubFile" }
          }
        ],
        "responses": {
          "200": {
            "description": "Successful Response",
            "content": {
              "application/json": {
                "schema": {
                  "anyOf": [
                    { "$ref": "#/components/schemas/FileInfo" },
                    { "$ref": "#/components/schemas/FullFileInfo" }
                  ],
                  "title": "Response Retrieve Sub File File  Fileid   Subfile  Get"
                }
              }
            }
          },
          "400": {
            "content": {
              "application/json": {
                "schema": {
                  "$ref": "#/components/schemas/FileFileIdSubFileGetResponse"
                }
              }
            },
            "description": "Bad Request"
          },
          "500": {
            "content": {
              "application/json": {
                "schema": {
                  "$ref": "#/components/schemas/FileFileIdSubFileGetResponse2"
                }
              }
            },
            "description": "Internal Server Error"
          },
          "422": {
            "description": "Validation Error",
            "content": {
              "application/json": {
                "schema": { "$ref": "#/components/schemas/HTTPValidationError" }
              }
            }
          }
        }
      }
    },
    "/file/{fileType}": {
      "post": {
        "tags": ["file"],
        "summary": "Create File",
        "operationId": "create_file_file__fileType__post",
        "parameters": [
          {
            "name": "fileType",
            "in": "path",
            "required": true,
            "schema": { "$ref": "#/components/schemas/FileType" }
          }
        ],
        "requestBody": {
          "required": true,
          "content": {
            "application/json": {
              "schema": {
                "oneOf": [
                  { "$ref": "#/components/schemas/RoadClosureRequest" },
                  { "$ref": "#/components/schemas/ModifyOdMatrixRequest" },
                  { "$ref": "#/components/schemas/SynthTripsRequest" },
                  { "$ref": "#/components/schemas/SynthEdgesRequest" },
                  { "$ref": "#/components/schemas/SynthStopsRequest" }
                ],
                "discriminator": {
                  "propertyName": "type",
                  "mapping": {
                    "road_closure": "#/components/schemas/RoadClosureRequest",
                    "modify_od": "#/components/schemas/ModifyOdMatrixRequest",
                    "synth_trips": "#/components/schemas/SynthTripsRequest",
                    "synth_edges": "#/components/schemas/SynthEdgesRequest",
                    "synth_stops": "#/components/schemas/SynthStopsRequest"
                  }
                },
                "title": "Body"
              }
            }
          }
        },
        "responses": {
          "200": {
            "description": "Successful Response",
            "content": { "application/json": { "schema": {} } }
          },
          "201": {
            "content": {
              "application/json": {
                "schema": {
                  "$ref": "#/components/schemas/FileFileTypePostResponse"
                }
              }
            },
            "description": "Created"
          },
          "400": {
            "content": {
              "application/json": {
                "schema": { "$ref": "#/components/schemas/ErrorResponse" }
              }
            },
            "description": "Bad Request"
          },
          "500": {
            "content": {
              "application/json": {
                "schema": { "$ref": "#/components/schemas/ErrorResponse" }
              }
            },
            "description": "Internal Server Error"
          },
          "422": {
            "description": "Validation Error",
            "content": {
              "application/json": {
                "schema": { "$ref": "#/components/schemas/HTTPValidationError" }
              }
            }
          }
        }
      }
    },
    "/project": {
      "post": {
        "tags": ["project"],
        "summary": "Create Project",
        "description": "create project",
        "operationId": "create_project_project_post",
        "requestBody": {
          "content": {
            "application/json": {
              "schema": { "$ref": "#/components/schemas/ProjectPostRequest" }
            }
          }
        },
        "responses": {
          "200": {
            "description": "Successful Response",
            "content": { "application/json": { "schema": {} } }
          },
          "201": {
            "description": "Created",
            "content": {
              "application/json": {
                "schema": { "$ref": "#/components/schemas/ProjectPostResponse" }
              }
            }
          },
          "400": {
            "description": "Bad Request",
            "content": {
              "application/json": {
                "schema": { "$ref": "#/components/schemas/ErrorResponse" }
              }
            }
          },
          "500": {
            "description": "Internal Server Error",
            "content": {
              "application/json": {
                "schema": { "$ref": "#/components/schemas/ErrorResponse" }
              }
            }
          },
          "422": {
            "description": "Validation Error",
            "content": {
              "application/json": {
                "schema": { "$ref": "#/components/schemas/HTTPValidationError" }
              }
            }
          }
        }
      }
    },
    "/project/{projectId}": {
      "put": {
        "tags": ["project"],
        "summary": "Update Project",
        "description": "updateProject",
        "operationId": "update_project_project__projectId__put",
        "parameters": [
          {
            "name": "projectId",
            "in": "path",
            "required": true,
            "schema": { "type": "string", "title": "Projectid" }
          }
        ],
        "requestBody": {
          "required": true,
          "content": {
            "application/json": {
              "schema": { "$ref": "#/components/schemas/UpdateProjectRequest" }
            }
          }
        },
        "responses": {
          "200": {
            "description": "Successful Response",
            "content": {
              "application/json": {
                "schema": {
                  "$ref": "#/components/schemas/ProjectProjectIdPutResponse"
                }
              }
            }
          },
          "400": {
            "content": {
              "application/json": {
                "schema": { "$ref": "#/components/schemas/ErrorResponse" }
              }
            },
            "description": "Bad Request"
          },
          "500": {
            "content": {
              "application/json": {
                "schema": { "$ref": "#/components/schemas/ErrorResponse" }
              }
            },
            "description": "Internal Server Error"
          },
          "422": {
            "description": "Validation Error",
            "content": {
              "application/json": {
                "schema": { "$ref": "#/components/schemas/HTTPValidationError" }
              }
            }
          }
        }
      },
      "get": {
        "tags": ["project"],
        "summary": "Retrieve Project",
        "operationId": "retrieve_project_project__projectId__get",
        "parameters": [
          {
            "name": "projectId",
            "in": "path",
            "required": true,
            "schema": { "type": "integer", "title": "Projectid" }
          }
        ],
        "responses": {
          "200": {
            "description": "Successful Response",
            "content": {
              "application/json": {
                "schema": {
                  "$ref": "#/components/schemas/ProjectProjectIdGetResponse"
                }
              }
            }
          },
          "400": {
            "content": {
              "application/json": {
                "schema": { "$ref": "#/components/schemas/ErrorResponse" }
              }
            },
            "description": "Bad Request"
          },
          "500": {
            "content": {
              "application/json": {
                "schema": { "$ref": "#/components/schemas/ErrorResponse" }
              }
            },
            "description": "Internal Server Error"
          },
          "422": {
            "description": "Validation Error",
            "content": {
              "application/json": {
                "schema": { "$ref": "#/components/schemas/HTTPValidationError" }
              }
            }
          }
        }
      },
      "delete": {
        "tags": ["project"],
        "summary": "Delete Project",
        "description": "delete project",
        "operationId": "delete_project_project__projectId__delete",
        "parameters": [
          {
            "name": "projectId",
            "in": "path",
            "required": true,
            "schema": { "type": "string", "title": "Projectid" }
          }
        ],
        "responses": {
          "200": {
            "description": "Successful Response",
            "content": { "application/json": { "schema": {} } }
          },
          "400": {
            "content": {
              "application/json": {
                "schema": { "$ref": "#/components/schemas/ErrorResponse" }
              }
            },
            "description": "Bad Request"
          },
          "500": {
            "content": {
              "application/json": {
                "schema": { "$ref": "#/components/schemas/ErrorResponse" }
              }
            },
            "description": "Internal Server Error"
          },
          "422": {
            "description": "Validation Error",
            "content": {
              "application/json": {
                "schema": { "$ref": "#/components/schemas/HTTPValidationError" }
              }
            }
          }
        }
      }
    },
    "/upload/{fileId}/status": {
      "get": {
        "tags": ["upload"],
        "summary": "Retrieve Upload Status",
        "description": "retrieve upload status",
        "operationId": "retrieve_upload_status_upload__fileId__status_get",
        "parameters": [
          {
            "name": "fileId",
            "in": "path",
            "required": true,
            "schema": { "type": "integer", "title": "Fileid" }
          }
        ],
        "responses": {
          "200": {
            "description": "Successful Response",
            "content": {
              "application/json": {
                "schema": { "$ref": "#/components/schemas/FileInfo" }
              }
            }
          },
          "400": {
            "content": {
              "application/json": {
                "schema": { "$ref": "#/components/schemas/ErrorResponse" }
              }
            },
            "description": "Bad Request"
          },
          "500": {
            "content": {
              "application/json": {
                "schema": { "$ref": "#/components/schemas/ErrorResponse" }
              }
            },
            "description": "Internal Server Error"
          },
          "422": {
            "description": "Validation Error",
            "content": {
              "application/json": {
                "schema": { "$ref": "#/components/schemas/HTTPValidationError" }
              }
            }
          }
        }
      }
    },
    "/upload/{fileType}": {
      "post": {
        "tags": ["upload"],
        "summary": "Upload File",
        "description": "upload file",
        "operationId": "upload_file_upload__fileType__post",
        "parameters": [
          {
            "name": "fileType",
            "in": "path",
            "required": true,
            "schema": { "$ref": "#/components/schemas/FileType" }
          }
        ],
        "requestBody": {
          "required": true,
          "content": {
            "multipart/form-data": {
              "schema": {
                "$ref": "#/components/schemas/Body_upload_file_upload__fileType__post"
              }
            }
          }
        },
        "responses": {
          "200": {
            "description": "Successful Response",
            "content": { "application/json": { "schema": {} } }
          },
          "201": {
            "content": {
              "application/json": {
                "schema": { "$ref": "#/components/schemas/FullFileInfo" }
              }
            },
            "description": "Created"
          },
          "400": {
            "content": {
              "application/json": {
                "schema": { "$ref": "#/components/schemas/ErrorResponse" }
              }
            },
            "description": "Bad Request"
          },
          "500": {
            "content": {
              "application/json": {
                "schema": { "$ref": "#/components/schemas/ErrorResponse" }
              }
            },
            "description": "Internal Server Error"
          },
          "422": {
            "description": "Validation Error",
            "content": {
              "application/json": {
                "schema": { "$ref": "#/components/schemas/HTTPValidationError" }
              }
            }
          }
        }
      }
    }
  },
  "components": {
    "schemas": {
      "ActionCommandTypes": {
        "type": "string",
        "enum": ["add", "subtract"],
        "title": "ActionCommandTypes"
      },
      "ActionValueTypes": {
        "type": "string",
        "enum": ["percentage", "value"],
        "title": "ActionValueTypes"
      },
      "Body_upload_file_upload__fileType__post": {
        "properties": {
          "file": { "type": "string", "format": "binary", "title": "File" }
        },
        "type": "object",
        "required": ["file"],
        "title": "Body_upload_file_upload__fileType__post"
      },
      "Coordinates": {
        "properties": {
          "latitude": { "type": "number", "title": "Latitude" },
          "longitude": { "type": "number", "title": "Longitude" }
        },
        "type": "object",
        "required": ["latitude", "longitude"],
        "title": "Coordinates"
      },
      "DownloadFileIdSubFileGetResponse": {
        "properties": {
          "message": { "type": "string", "title": "Message" },
          "errors": {
            "anyOf": [
              {
                "items": { "$ref": "#/components/schemas/Error" },
                "type": "array"
              },
              { "type": "null" }
            ],
            "title": "Errors"
          }
        },
        "type": "object",
        "required": ["message"],
        "title": "DownloadFileIdSubFileGetResponse"
      },
      "DownloadFileIdSubFileGetResponse1": {
        "properties": { "message": { "type": "string", "title": "Message" } },
        "type": "object",
        "required": ["message"],
        "title": "DownloadFileIdSubFileGetResponse1"
      },
      "Edge": {
        "properties": {
          "edgeId": { "type": "string", "title": "Edgeid" },
          "path": {
            "items": { "$ref": "#/components/schemas/Coordinates" },
            "type": "array",
            "title": "Path"
          }
        },
        "type": "object",
        "required": ["edgeId", "path"],
        "title": "Edge"
      },
      "Error": {
        "properties": { "message": { "type": "string", "title": "Message" } },
        "type": "object",
        "required": ["message"],
        "title": "Error"
      },
      "ErrorResponse": {
        "properties": { "message": { "type": "string", "title": "Message" } },
        "type": "object",
        "required": ["message"],
        "title": "ErrorResponse"
      },
      "FileFileIdSubFileGetResponse": {
        "properties": {
          "message": { "type": "string", "title": "Message" },
          "errors": {
            "anyOf": [
              {
                "items": { "$ref": "#/components/schemas/Error" },
                "type": "array"
              },
              { "type": "null" }
            ],
            "title": "Errors"
          }
        },
        "type": "object",
        "required": ["message"],
        "title": "FileFileIdSubFileGetResponse"
      },
      "FileFileIdSubFileGetResponse2": {
        "properties": { "message": { "type": "string", "title": "Message" } },
        "type": "object",
        "required": ["message"],
        "title": "FileFileIdSubFileGetResponse2"
      },
      "FileFileTypePostResponse": {
        "anyOf": [
          { "$ref": "#/components/schemas/FileInfo" },
          { "$ref": "#/components/schemas/FullFileInfo" }
        ],
        "title": "FileFileTypePostResponse"
      },
      "FileInfo": {
        "properties": {
          "fileName": { "type": "string", "title": "Filename" },
          "fileId": { "type": "integer", "title": "Fileid" },
          "fileType": { "type": "string", "title": "Filetype" },
          "fileStatus": { "type": "string", "title": "Filestatus" },
          "filePath": { "type": "string", "title": "Filepath" }
        },
        "type": "object",
        "required": [
          "fileName",
          "fileId",
          "fileType",
          "fileStatus",
          "filePath"
        ],
        "title": "FileInfo"
      },
      "FileType": {
        "type": "string",
        "enum": [
          "gtfs",
          "network",
          "odmatrix",
          "roadClosure",
          "edgeData",
          "stopData",
          "tripData",
          "stopSim",
          "TAZ",
          "synthTrips",
          "synthEdges",
          "synthStops"
        ],
        "title": "FileType"
      },
      "FullFileInfo": {
        "properties": {
          "fileInfo": { "$ref": "#/components/schemas/FileInfo" },
          "fileData": {
            "anyOf": [
              {
                "oneOf": [
                  { "$ref": "#/components/schemas/NetworkInfo" },
                  { "$ref": "#/components/schemas/StopsInfo" },
                  { "$ref": "#/components/schemas/TripsInfo" },
                  { "$ref": "#/components/schemas/GtfsInfo" },
                  { "$ref": "#/components/schemas/OdMatrixInfo" },
                  { "$ref": "#/components/schemas/PaginatedClosedRoads" },
                  { "$ref": "#/components/schemas/TripTypes" }
                ],
                "discriminator": {
                  "propertyName": "type",
                  "mapping": {
                    "gtfs_info": "#/components/schemas/GtfsInfo",
                    "network_info": "#/components/schemas/NetworkInfo",
                    "od_matrix_info": "#/components/schemas/OdMatrixInfo",
                    "paginated_closed_roads": "#/components/schemas/PaginatedClosedRoads",
                    "stops_info": "#/components/schemas/StopsInfo",
                    "trip_types": "#/components/schemas/TripTypes",
                    "trips_info": "#/components/schemas/TripsInfo"
                  }
                }
              },
              { "type": "null" }
            ],
            "title": "Filedata"
          }
        },
        "type": "object",
        "required": ["fileInfo", "fileData"],
        "title": "FullFileInfo"
      },
      "GroupedRoad": {
        "properties": {
          "name": { "type": "string", "title": "Name" },
          "edges": {
            "items": { "$ref": "#/components/schemas/Edge" },
            "type": "array",
            "title": "Edges"
          }
        },
        "type": "object",
        "required": ["name", "edges"],
        "title": "GroupedRoad"
      },
      "GtfsInfo": {
        "properties": {
          "type": { "type": "string", "const": "gtfs_info", "title": "Type" },
          "tripsInfo": { "$ref": "#/components/schemas/TripsInfo" },
          "stopsInfo": { "$ref": "#/components/schemas/StopsInfo" }
        },
        "type": "object",
        "required": ["type", "tripsInfo", "stopsInfo"],
        "title": "GtfsInfo"
      },
      "HTTPValidationError": {
        "properties": {
          "detail": {
            "items": { "$ref": "#/components/schemas/ValidationError" },
            "type": "array",
            "title": "Detail"
          }
        },
        "type": "object",
        "title": "HTTPValidationError"
      },
      "ModifyGtfsRequestBody": {
        "properties": {
          "type": {
            "type": "string",
            "const": "modify_gtfs_request",
            "title": "Type"
          },
          "request": {
            "oneOf": [
              { "$ref": "#/components/schemas/ModifyGtfsStopsRequest" },
              { "$ref": "#/components/schemas/ModifyGtfsTripsRequest" }
            ],
            "title": "Request",
            "discriminator": {
              "propertyName": "type",
              "mapping": {
                "modify_gtfs_stops_request": "#/components/schemas/ModifyGtfsStopsRequest",
                "modify_gtfs_trips_request": "#/components/schemas/ModifyGtfsTripsRequest"
              }
            }
          }
        },
        "type": "object",
        "required": ["type", "request"],
        "title": "ModifyGtfsRequestBody"
      },
      "ModifyGtfsStopsRequest": {
        "properties": {
          "type": {
            "type": "string",
            "const": "modify_gtfs_stops_request",
            "title": "Type"
          },
          "filename": { "type": "string", "title": "Filename" },
          "stops_ids": {
            "items": { "type": "string" },
            "type": "array",
            "title": "Stops Ids"
          }
        },
        "type": "object",
        "required": ["type", "filename", "stops_ids"],
        "title": "ModifyGtfsStopsRequest"
      },
      "ModifyGtfsTripsRequest": {
        "properties": {
          "type": {
            "type": "string",
            "const": "modify_gtfs_trips_request",
            "title": "Type"
          },
          "filename": { "type": "string", "title": "Filename" },
          "routes_ids": {
            "items": { "type": "string" },
            "type": "array",
            "title": "Routes Ids"
          },
          "value": { "type": "number", "title": "Value" }
        },
        "type": "object",
        "required": ["type", "filename", "routes_ids", "value"],
        "title": "ModifyGtfsTripsRequest"
      },
      "ModifyOdMatrixRequest": {
        "properties": {
          "type": { "type": "string", "const": "modify_od", "title": "Type" },
          "matrixId": { "type": "integer", "title": "Matrixid" },
          "modifications": {
            "items": { "$ref": "#/components/schemas/OdMatrixModification" },
            "type": "array",
            "title": "Modifications"
          },
          "actionValueType": {
            "$ref": "#/components/schemas/ActionValueTypes"
          },
          "newFileName": { "type": "string", "title": "Newfilename" }
        },
        "type": "object",
        "required": [
          "type",
          "matrixId",
          "modifications",
          "actionValueType",
          "newFileName"
        ],
        "title": "ModifyOdMatrixRequest"
      },
      "NetworkInfo": {
        "properties": {
          "type": {
            "type": "string",
            "const": "network_info",
            "title": "Type"
          },
          "mapCenter": { "$ref": "#/components/schemas/Coordinates" },
          "roadList": {
            "anyOf": [
              { "$ref": "#/components/schemas/PaginatedRoads" },
              { "$ref": "#/components/schemas/PaginatedGroupedRoads" },
              { "type": "null" }
            ],
            "title": "Roadlist"
          }
        },
        "type": "object",
        "required": ["type", "mapCenter"],
        "title": "NetworkInfo"
      },
      "OdMatrixInfo": {
        "properties": {
          "type": {
            "type": "string",
            "const": "od_matrix_info",
            "title": "Type"
          },
          "zones": {
            "items": { "type": "string" },
            "type": "array",
            "title": "Zones"
          }
        },
        "type": "object",
        "required": ["type", "zones"],
        "title": "OdMatrixInfo"
      },
      "OdMatrixModification": {
        "properties": {
          "fromZone": { "type": "string", "title": "Fromzone" },
          "toZones": {
            "items": { "type": "string" },
            "type": "array",
            "title": "Tozones"
          },
          "action": { "$ref": "#/components/schemas/ActionCommandTypes" },
          "value": { "type": "integer", "title": "Value" }
        },
        "type": "object",
        "required": ["fromZone", "toZones", "action", "value"],
        "title": "OdMatrixModification"
      },
      "PaginatedClosedRoads": {
        "properties": {
          "type": {
            "type": "string",
            "const": "paginated_closed_roads",
            "title": "Type"
          },
          "roads": {
            "items": { "$ref": "#/components/schemas/RoadClosure" },
            "type": "array",
            "title": "Roads"
          },
          "paginator": { "$ref": "#/components/schemas/Paginator" }
        },
        "type": "object",
        "required": ["type", "roads", "paginator"],
        "title": "PaginatedClosedRoads"
      },
      "PaginatedGroupedRoads": {
        "properties": {
          "roads": {
            "items": { "$ref": "#/components/schemas/GroupedRoad" },
            "type": "array",
            "title": "Roads"
          },
          "paginator": { "$ref": "#/components/schemas/Paginator" }
        },
        "type": "object",
        "required": ["roads", "paginator"],
        "title": "PaginatedGroupedRoads"
      },
      "PaginatedRoads": {
        "properties": {
          "roads": {
            "items": { "$ref": "#/components/schemas/Road" },
            "type": "array",
            "title": "Roads"
          },
          "paginator": { "$ref": "#/components/schemas/Paginator" }
        },
        "type": "object",
        "required": ["roads", "paginator"],
        "title": "PaginatedRoads"
      },
      "Paginator": {
        "properties": {
          "page": { "type": "integer", "title": "Page" },
          "pageSize": { "type": "integer", "title": "Pagesize" },
          "totalCount": { "type": "integer", "title": "Totalcount" },
          "totalPages": { "type": "integer", "title": "Totalpages" }
        },
        "type": "object",
        "required": ["page", "pageSize", "totalCount", "totalPages"],
        "title": "Paginator"
      },
      "ProjectPostRequest": {
        "properties": {
          "fileIds": {
            "items": { "type": "integer" },
            "type": "array",
            "title": "Fileids"
          }
        },
        "type": "object",
        "required": ["fileIds"],
        "title": "ProjectPostRequest"
      },
      "ProjectPostResponse": {
        "properties": {
          "projectId": { "type": "string", "title": "Projectid" }
        },
        "type": "object",
        "required": ["projectId"],
        "title": "ProjectPostResponse"
      },
      "ProjectProjectIdGetResponse": {
        "properties": {
          "files": {
            "items": { "$ref": "#/components/schemas/FileInfo" },
            "type": "array",
            "title": "Files"
          }
        },
        "type": "object",
        "required": ["files"],
        "title": "ProjectProjectIdGetResponse"
      },
      "ProjectProjectIdPutResponse": {
        "properties": { "data": { "type": "object", "title": "Data" } },
        "type": "object",
        "required": ["data"],
        "title": "ProjectProjectIdPutResponse"
      },
      "Road": {
        "properties": {
          "name": {
            "anyOf": [{ "type": "string" }, { "type": "null" }],
            "title": "Name"
          },
          "edgeId": { "type": "string", "title": "Edgeid" },
          "path": {
            "items": { "$ref": "#/components/schemas/Coordinates" },
            "type": "array",
            "title": "Path"
          }
        },
        "type": "object",
        "required": ["name", "edgeId", "path"],
        "title": "Road"
      },
      "RoadClosure": {
        "properties": {
          "name": { "type": "string", "title": "Name" },
          "startTime": { "type": "string", "title": "Starttime" },
          "endTime": { "type": "string", "title": "Endtime" }
        },
        "type": "object",
        "required": ["name", "startTime", "endTime"],
        "title": "RoadClosure"
      },
      "RoadClosureRequest": {
        "properties": {
          "type": {
            "type": "string",
            "const": "road_closure",
            "title": "Type"
          },
          "networkId": { "type": "integer", "title": "Networkid" },
          "roadList": {
            "items": { "$ref": "#/components/schemas/RoadClosure" },
            "type": "array",
            "title": "Roadlist"
          }
        },
        "type": "object",
        "required": ["type", "networkId", "roadList"],
        "title": "RoadClosureRequest"
      },
      "Route": {
        "properties": {
          "id": {
            "anyOf": [{ "type": "integer" }, { "type": "null" }],
            "title": "Id",
            "default": 0
          },
          "route_id": { "type": "string", "title": "Route Id" },
          "route_name": { "type": "string", "title": "Route Name" },
          "route_type": { "type": "integer", "title": "Route Type" }
        },
        "type": "object",
        "required": ["route_id", "route_name", "route_type"],
        "title": "Route"
      },
      "Stop": {
        "properties": {
          "id": {
            "anyOf": [{ "type": "integer" }, { "type": "null" }],
            "title": "Id",
            "default": 0
          },
          "is_deleted": {
            "type": "boolean",
            "title": "Is Deleted",
            "default": false
          },
          "stop_id": { "type": "string", "title": "Stop Id" },
          "stop_name": { "type": "string", "title": "Stop Name" },
          "stop_lat": { "type": "string", "title": "Stop Lat" },
          "stop_long": { "type": "string", "title": "Stop Long" }
        },
        "type": "object",
        "required": ["stop_id", "stop_name", "stop_lat", "stop_long"],
        "title": "Stop"
      },
      "StopsInfo": {
        "properties": {
          "type": { "type": "string", "const": "stops_info", "title": "Type" },
          "stops": {
            "items": { "$ref": "#/components/schemas/Stop" },
            "type": "array",
            "title": "Stops"
          }
        },
        "type": "object",
        "required": ["type", "stops"],
        "title": "StopsInfo"
      },
      "SubFile": {
        "type": "string",
        "enum": [
          "agency",
          "calendar",
          "trips",
          "stops",
          "calendarDate",
          "stopTimes"
        ],
        "title": "SubFile"
      },
      "SynthEdgesRequest": {
        "properties": {
          "type": { "type": "string", "const": "synth_edges", "title": "Type" },
          "edgeDataId": { "type": "integer", "title": "Edgedataid" },
          "tazFileId": { "type": "integer", "title": "Tazfileid" },
          "newFileName": { "type": "string", "title": "Newfilename" },
          "dateString": { "type": "string", "title": "Datestring" }
        },
        "type": "object",
        "required": [
          "type",
          "edgeDataId",
          "tazFileId",
          "newFileName",
          "dateString"
        ],
        "title": "SynthEdgesRequest"
      },
      "SynthStopsRequest": {
        "properties": {
          "type": { "type": "string", "const": "synth_stops", "title": "Type" },
          "stopDataId": { "type": "integer", "title": "Stopdataid" },
          "stopSimId": { "type": "integer", "title": "Stopsimid" },
          "gtfsId": { "type": "integer", "title": "Gtfsid" },
          "arrivalDateString": {
            "type": "string",
            "title": "Arrivaldatestring"
          },
          "departureDateString": {
            "type": "string",
            "title": "Departuredatestring"
          },
          "newFileName": { "type": "string", "title": "Newfilename" },
          "infoStartDate": { "type": "string", "title": "Infostartdate" }
        },
        "type": "object",
        "required": [
          "type",
          "stopDataId",
          "stopSimId",
          "gtfsId",
          "arrivalDateString",
          "departureDateString",
          "newFileName",
          "infoStartDate"
        ],
        "title": "SynthStopsRequest"
      },
      "SynthTripsRequest": {
        "properties": {
          "type": { "type": "string", "const": "synth_trips", "title": "Type" },
          "selectedTypes": {
            "items": { "type": "string" },
            "type": "array",
            "title": "Selectedtypes"
          },
          "tripFileId": { "type": "integer", "title": "Tripfileid" },
          "newFileName": { "type": "string", "title": "Newfilename" },
          "dateString": { "type": "string", "title": "Datestring" }
        },
        "type": "object",
        "required": [
          "type",
          "selectedTypes",
          "tripFileId",
          "newFileName",
          "dateString"
        ],
        "title": "SynthTripsRequest"
      },
      "TripTypes": {
        "properties": {
          "type": { "type": "string", "const": "trip_types", "title": "Type" },
          "types": {
            "items": { "type": "string" },
            "type": "array",
            "title": "Types"
          }
        },
        "type": "object",
        "required": ["type", "types"],
        "title": "TripTypes"
      },
      "TripsInfo": {
        "properties": {
          "type": { "type": "string", "const": "trips_info", "title": "Type" },
          "trips": {
            "items": { "$ref": "#/components/schemas/Route" },
            "type": "array",
            "title": "Trips"
          }
        },
        "type": "object",
        "required": ["type", "trips"],
        "title": "TripsInfo"
      },
      "UpdateProjectRequest": {
        "properties": {
          "action": { "type": "string", "title": "Action" },
          "fileId": {
            "items": { "type": "string" },
            "type": "array",
            "title": "Fileid"
          }
        },
        "type": "object",
        "required": ["action", "fileId"],
        "title": "UpdateProjectRequest"
      },
      "ValidationError": {
        "properties": {
          "loc": {
            "items": { "anyOf": [{ "type": "string" }, { "type": "integer" }] },
            "type": "array",
            "title": "Location"
          },
          "msg": { "type": "string", "title": "Message" },
          "type": { "type": "string", "title": "Error Type" }
        },
        "type": "object",
        "required": ["loc", "msg", "type"],
        "title": "ValidationError"
      }
    }
  }
}
